Date,T_mean,T_max,T_min,RH_mean,RH_max,RH_min,Prs_mean,Prs_max,Prs_min,Ac_R,WS_mean,DWD,WG
1/1/23,9.4,13.8,5.7,88,94,73,1030.9,1032.1,1029.8,0.4,1.9,SE,12.9
2/1/23,9.1,13.3,6.1,88.8,95,79,1029.4,1031.3,1027.6,0.2,1.8,SE,9.7
3/1/23,8.9,13,5.6,87.7,94,78,1026,1027.9,1024.2,0.2,1.6,SE,8
4/1/23,10.3,15.9,6.1,85.7,94,66,1025.1,1026.2,1023.9,0,3.9,SE,19.3
5/1/23,10.1,13.8,7.6,84.6,92,68,1020.8,1025.5,1017.9,0.2,3.2,E,12.9
6/1/23,12.3,15.6,7,66.4,90,53,1021.1,1023.6,1018.7,0,18.9,NNW,53.1
7/1/23,9.4,14.2,5.7,73.6,85,62,1023.1,1025.1,1021.4,0,2.5,SE,17.7
8/1/23,8.7,12.6,4.6,86.6,94,75,1021.3,1022.5,1020.2,0,2.6,W,11.3
9/1/23,10.8,13.6,7.8,84.5,91,77,1016.6,1020.7,1009.5,0.4,4.9,ESE,29
10/1/23,11.4,13.9,9.1,87.5,95,69,1005.7,1009.7,1003.3,14.6,9.5,ESE,53.1
11/1/23,9.8,12.5,8.5,69.8,74,65,1013,1016.4,1009,0,21.9,NNW,45.1
12/1/23,9.1,11.8,7.3,71.2,78,63,1017.9,1019.5,1016.3,0,20.7,NNW,38.6
13/1/23,8.9,13.1,5.3,75.4,88,64,1018.9,1019.9,1017.9,0,9.5,NW,27.4
14/1/23,8.2,11.6,4,81.2,93,70,1019.1,1020.2,1017.9,0,7.8,N,25.7
15/1/23,9.4,12.3,7.1,75,86,65,1019.4,1021.4,1016.9,0,7.9,N,29
16/1/23,9.4,13.3,5.7,83.5,92,70,1011.7,1017,1006.5,0,4.8,W,20.9
17/1/23,13.3,16.5,8.1,77.3,90,66,1004.8,1006.5,1003.2,0,6.2,SE,33.8
18/1/23,17,19.5,15.5,63.3,71,54,1005.6,1008.4,1002.8,0,11.8,SE,41.8
19/1/23,16.8,19.8,11.9,65.2,90,53,1007.4,1009.2,1005.2,7.8,14.7,ESE,54.7
20/1/23,12.3,14.7,9.8,74.4,92,56,1005.6,1010.2,1002,4.2,9.6,E,37
21/1/23,13,15.4,10.7,72.6,82,64,1010,1014,1007.5,0,6.3,ESE,30.6
22/1/23,10.9,15,8.3,80,90,65,1017.6,1019.9,1014,0,2.9,SSW,12.9
23/1/23,14,17.8,11.6,73.7,82,61,1020.7,1022.6,1018.7,0,11.3,ENE,45.1
24/1/23,9.1,11.7,7.9,89.2,91,74,1025.7,1027.3,1022,26.8,6.5,ENE,54.7
25/1/23,7.9,9.3,5.9,83.2,89,76,1024.7,1027.2,1020.5,0.6,4.1,ENE,17.7
26/1/23,6,6.7,4.9,86.7,92,81,1013,1020.3,1006.1,5,11.6,ENE,38.6
27/1/23,6.8,8.6,5.6,82.6,89,74,1005.7,1008.5,1003.7,0,17.2,WNW,45.1
28/1/23,6.6,9.3,4.9,71,76,65,1012.8,1017.6,1008.5,0,25.4,NNW,54.7
29/1/23,6.4,9,4.4,70.2,76,61,1019,1020.3,1017.5,0,19.5,NNW,38.6
30/1/23,5.8,8.6,4.6,65.7,74,55,1015.7,1019.5,1011.8,0,17,N,41.8
31/1/23,7,10,4.2,65.1,74,55,1013.9,1018.1,1011.6,0,28.4,NW,54.7
1/2/23,7.8,11.3,4.7,59.2,70,47,1019.2,1021,1017.9,0,20,NNW,46.7
2/2/23,7.4,12.2,2.7,68.7,87,47,1018.2,1020,1016.5,0,4.4,SSW,30.6
3/2/23,7.8,10.3,4,61.4,78,45,1021,1023.5,1016.8,0,20.9,NW,46.7
4/2/23,8,12.6,3.8,63.1,78,51,1013.2,1016.7,1010.3,0,24.2,NNW,74
5/2/23,2.5,3.8,1.1,64.5,69,62,1018.7,1022.8,1014.6,0,40.7,NNW,72.4
6/2/23,2.2,5.1,-0.2,58.9,68,49,1025.2,1029.4,1022.4,0,28.3,NNW,51.5
7/2/23,2.5,5.6,0.4,55.3,65,42,1031.1,1032.7,1029.5,0,19.2,NNW,38.6
8/2/23,2.2,6.1,-1.4,53.7,71,37,1035.7,1037.6,1032.8,0,14.2,N,35.4
9/2/23,3.1,7.4,-1.4,55.3,71,42,1035.9,1037.3,1034.8,0,5.8,E,24.1
10/2/23,3.5,8.7,-1,64.3,85,46,1034.5,1036,1032.8,0,5.3,WSW,19.3
11/2/23,4.3,9.3,-1,61.2,85,41,1031.6,1034.5,1027.8,0,7.7,W,29
12/2/23,6.3,10.1,1.3,62.2,80,49,1028.4,1034.1,1025.9,0,11.7,NW,46.7
13/2/23,7.6,11.8,4.4,69.2,81,52,1034.2,1036.7,1031.3,0,4.7,SW,22.5
14/2/23,8.3,11.4,5.4,61.2,71,54,1028,1031.3,1024.9,0,24.5,NNW,51.5
15/2/23,8,12,4.1,67.4,83,53,1029.8,1031.2,1028.4,0,12.4,NNW,35.4
16/2/23,7.2,12.5,2.7,79.4,91,58,1029.4,1030.7,1028.2,0,2.5,SW,9.7
17/2/23,7.6,12.9,3.3,82.4,93,62,1026.3,1028.2,1024.3,0,2.7,SW,9.7
18/2/23,9.1,15.9,3.3,75.9,91,48,1023.2,1025.6,1020.7,0.2,3,SSW,11.3
19/2/23,10.7,18.4,5.7,70.8,85,40,1018.4,1021,1015.8,0,3.2,SSW,12.9
20/2/23,13.6,16.9,7.9,60.1,83,44,1021,1022.9,1017.7,0,21.8,NW,53.1
21/2/23,11.3,18.3,6.1,64.2,84,36,1017.3,1021.5,1014.6,0,3.2,SSW,16.1
22/2/23,11.3,19.2,5.4,74.2,89,41,1014.2,1015.6,1012.7,0,2.8,SE,17.7
23/2/23,11.8,14.8,7.8,86.3,92,78,1015.5,1017,1014.3,0,2.2,WSW,11.3
24/2/23,12.4,14.6,10.3,85.4,90,80,1014.6,1016.4,1012.4,0,2.9,SE,16.1
25/2/23,13.1,17.6,10,83.1,94,56,1009.3,1012.4,1007.1,0,3.7,SE,16.1
26/2/23,16.4,18.2,11.8,66.2,88,53,1006.3,1008.6,1004.8,0,10.5,ESE,46.7
27/2/23,15.3,19.4,12.4,72.7,90,58,1013.9,1018.3,1008.5,0,5.6,SE,29
28/2/23,12.4,14.3,10.7,92.2,93,90,1019.4,1021.1,1018.1,15.8,3.5,SE,16.1
1/3/23,11.9,12.9,10.8,90.7,94,87,1018.3,1019.5,1017.2,0,3.4,SSW,20.9
2/3/23,10.8,11.9,9.3,88.7,92,82,1017.2,1018.6,1016,5.6,3.9,WSW,19.3
3/3/23,10.1,13.2,8.8,89.9,94,80,1015.8,1016.7,1014.5,3.6,3.1,SE,14.5
4/3/23,10.8,12.4,9.3,88.8,92,82,1013.6,1015.8,1011.2,12.8,4.2,ENE,20.9
5/3/23,11.4,15.5,8.3,77.6,94,60,1008.9,1011.1,1006,0.4,9.2,WNW,32.2
6/3/23,10.9,16.2,5.3,71.4,87,54,1011.1,1013.1,1009.9,0,4.5,ESE,20.9
7/3/23,12.2,15.8,8.2,76.3,88,63,1008.8,1010,1007.7,0,3.8,SE,14.5
8/3/23,11.4,17.2,6.3,80.4,93,59,1010.1,1011.5,1008.6,0,3.5,SW,16.1
9/3/23,13.6,19.7,8.2,74,88,53,1009.2,1011.2,1006.6,0,4.2,SE,17.7
10/3/23,15.2,19.3,10.3,75.5,89,61,1004.6,1009,998.7,0,5.4,ESE,41.8
11/3/23,15,20,10.8,70.1,90,53,998.5,1002.4,996,1.8,8.6,N,51.5
12/3/23,10.5,13.7,6.9,57.8,72,43,1010,1017.8,1002.4,0,25.1,NNW,56.3
13/3/23,10.3,14.3,6.8,59.8,71,49,1019.8,1021.8,1017.7,0,9.9,SW,30.6
14/3/23,9.8,15,5.8,76.1,87,58,1014.2,1019.5,1008.1,0,4.7,ESE,25.7
15/3/23,10,11.9,7,81,88,74,1004.5,1008.2,1002.6,0.8,4.9,W,19.3
16/3/23,8.2,10.8,4.8,75.8,87,64,1010.4,1016.5,1004.2,5.2,27.1,NNW,53.1
17/3/23,9.2,13.7,4.1,74.5,89,57,1018.8,1020.2,1016.5,2.2,14.4,WNW,35.4
18/3/23,9.6,14.2,5.3,74.1,85,57,1020,1022.2,1018.3,0.8,3.6,ENE,22.5
19/3/23,9.7,14.8,4.1,74.3,91,50,1021,1022.9,1019,0.2,4.5,SSW,16.1
20/3/23,11.3,15.9,6.1,81.2,89,70,1017.9,1020.6,1015.3,0,3.5,ESE,17.7
21/3/23,11.8,14.6,9.1,88.2,93,81,1012.8,1015.1,1010.7,0.6,5,SSW,24.1
22/3/23,13.2,18.8,10.4,83,93,59,1012.5,1015.6,1010.3,2,6.2,WNW,32.2
23/3/23,13,17.9,9.6,85.2,93,70,1016,1017.9,1014.8,0,6.1,SE,20.9
24/3/23,12.7,17.7,8.1,84.4,93,68,1016.2,1018.4,1014.1,0,4.4,SW,16.1
25/3/23,13,17.5,9.3,87.6,94,75,1010.4,1014,1007.5,0.2,3.9,SW,17.7
26/3/23,16,21.3,10.2,63.4,94,35,1008.6,1011,1006.6,0.2,9.9,NW,45.1
27/3/23,14.6,20.9,10.7,72.1,85,50,1001.6,1006.6,997.8,0.6,11,N,53.1
28/3/23,9.3,11.2,6.6,55,74,38,1011.8,1022.5,1002.9,0,45.8,NW,82.1
29/3/23,9.5,14,5.3,47.9,65,29,1023.3,1025.6,1021.4,0,23.9,NW,64.4
30/3/23,11.1,17.8,5.3,59,78,32,1021.3,1023.8,1018.4,0,4.3,SE,25.7
31/3/23,12.7,18.7,7.9,75.1,87,58,1013.2,1018.4,1008.3,0,5,SSW,19.3
1/4/23,16,24.3,10.9,67.9,87,44,1004.6,1008.5,1001,0,9,SE,46.7
2/4/23,14.4,18.6,11.6,69.4,79,50,1007.2,1008.3,1005.9,0,4.3,SSW,16.1
3/4/23,11.4,13.2,9.1,87.6,93,78,1002.6,1007.6,997.6,54.6,6.9,ENE,57.9
4/4/23,11,15.1,6.9,75.5,93,63,1002.9,1008.9,999.4,0,23.2,WNW,51.5
5/4/23,10.2,14.9,6.4,62.1,74,49,1011.4,1013.3,1009,0,24.1,NNW,54.7
6/4/23,10.6,14.2,7.9,59.7,68,53,1011.1,1013.3,1008.8,0,22.6,NNW,48.3
7/4/23,10.7,14.5,7,56.2,69,43,1015.4,1017.4,1013.3,0,11.8,N,46.7
8/4/23,11.2,14.2,8.3,78.6,89,65,1017.7,1019.1,1016.5,0.6,3.9,ENE,19.3
9/4/23,11.6,16.6,8.1,81.8,90,66,1017.1,1018.9,1015,3.6,7.9,SW,20.9
10/4/23,11.4,15.5,9.7,82.2,91,65,1014,1015.9,1012.6,1.2,9.2,WNW,27.4
11/4/23,13.3,17.2,8.7,67.7,89,47,1009.3,1012.4,1006.6,0,20.9,NW,49.9
12/4/23,15,18.4,9.7,57.4,73,38,1006,1008.1,1003.8,0,18.8,NNW,49.9
13/4/23,14.2,21.3,8.1,67.7,87,48,1008.7,1010.1,1007.3,0,4.4,SE,19.3
14/4/23,13.7,18,10.8,83.6,93,72,1007.4,1008.7,1006.1,0.4,5.3,ESE,37
15/4/23,14.7,19.6,9.3,70.1,94,46,1010.4,1011.9,1008.4,0.2,3.8,SSW,20.9
16/4/23,14.5,18.4,11.4,80.3,91,63,1008.8,1010.1,1007.7,1,4.7,SSW,20.9
17/4/23,13.1,17.3,10.6,87.2,91,75,1008.6,1010.2,1007,5,5.8,ENE,45.1
18/4/23,13.9,18.4,10.9,82.2,93,64,1010,1011.6,1008.9,4.4,5.5,SE,24.1
19/4/23,14.7,19.8,11.5,80,94,64,1010.4,1012.6,1008.5,5.4,8.9,WNW,35.4
20/4/23,14.8,20.2,10,77.8,93,49,1011,1012.5,1009.5,0.2,7.1,WNW,27.4
21/4/23,16.2,21.2,10.2,69.3,89,47,1010.2,1011.8,1008.4,0,6.2,WNW,24.1
22/4/23,14.4,19.7,10.9,83.3,92,64,1013.2,1015.2,1010.7,6.6,5.1,SE,35.4
23/4/23,14.6,20.1,10.3,82.6,93,64,1015.1,1016.6,1013.6,0.2,5.6,SE,22.5
24/4/23,15.6,20.3,10.9,80.5,90,68,1012.2,1014.6,1009.1,1.6,5.9,S,27.4
25/4/23,17,22.9,12.2,76.9,91,45,1006.3,1009.2,1003.7,0.2,5.8,E,32.2
26/4/23,14.4,18.8,11.9,74.3,88,65,1006.3,1010.3,1004,1.2,21.1,NW,64.4
27/4/23,14.8,18.6,11.3,53.9,73,41,1013.4,1017.7,1010.3,0,23.1,NNW,53.1
28/4/23,14.2,19.6,10.8,60.2,79,38,1018,1020.1,1016,0,13.5,N,40.2
29/4/23,14.2,18.3,10.3,76.3,86,66,1015.3,1017.5,1013.2,0,6.3,SW,27.4
30/4/23,16.2,21.2,11.3,77.3,86,62,1013.1,1014.9,1010.8,0,6.6,SSW,25.7
1/5/23,16.1,20.1,11.9,79.9,91,65,1016.7,1019.1,1014.6,0.2,5.5,SSW,20.9
2/5/23,16.3,21.3,11.7,79.7,92,65,1018.5,1020.5,1017,1.2,7.2,SSW,25.7
3/5/23,15.1,18.3,12.8,86,94,72,1016.9,1018.8,1015.1,5.8,7.7,W,35.4
4/5/23,15.9,20.1,12.9,87.3,95,72,1016.4,1017.3,1015.2,0.2,5.9,SW,20.9
5/5/23,18,22.4,14.2,75.7,91,60,1014.9,1016.9,1012.7,0,7.7,NNW,29
6/5/23,19.3,23.2,15.8,68.1,83,54,1014.6,1016.1,1013.6,0,7.6,SSW,20.9
7/5/23,19.2,23.9,15.8,69.1,83,53,1016.7,1017.9,1015.2,0,4.9,S,24.1
8/5/23,17.9,23.6,13.7,75.7,94,60,1016.5,1017.8,1014,11,6.7,SSW,29
9/5/23,15,16.7,13.2,93,95,91,1017.6,1018.9,1015.7,10.8,4.4,SE,22.5
10/5/23,14,16.1,12.6,85.1,94,73,1018,1018.8,1016.7,1.2,3.4,ENE,17.7
11/5/23,14.4,17.3,12.4,83.1,90,71,1018.2,1018.9,1017.4,0.2,6.3,SSW,20.9
12/5/23,15.5,19.2,13,80.7,89,71,1018.8,1020.4,1017.8,0,5.1,SSW,27.4
13/5/23,16.7,20.7,14.1,76.1,86,65,1021.4,1022.6,1020.1,0.4,6.4,SSW,30.6
14/5/23,16.2,19.2,14.2,81.4,92,73,1020.6,1022.8,1017.1,1.8,4.5,SW,19.3
15/5/23,16.8,20.3,14,77,90,59,1013.7,1017.2,1011,0,4.2,SW,19.3
16/5/23,17.5,20.2,14.7,84.3,90,74,1008.7,1010.7,1007,0.4,5.3,SW,33.8
17/5/23,19.2,25.4,15.4,82.4,93,54,1007.1,1008.4,1004.9,0.2,5.3,SSW,30.6
18/5/23,18.7,23.8,14.3,75.5,91,56,1011.4,1016.2,1008,0.8,9.3,WNW,33.8
19/5/23,19.6,24.6,16.1,72.2,86,54,1015.6,1016.4,1014.6,0,8.1,WNW,24.1
20/5/23,20,25.3,15.6,71.5,88,52,1013.6,1016,1010.7,0,3.9,SSW,27.4
21/5/23,18.4,19.6,16.2,81.1,91,75,1010,1010.5,1009.4,1.4,6.2,W,20.9
22/5/23,19.3,22.7,16.3,78.9,87,65,1010.2,1012.5,1009,2.4,7.4,W,22.5
23/5/23,20.2,26.7,15.4,74.3,90,47,1011.4,1012.5,1010.1,0,5.8,SE,25.7
24/5/23,20.9,27.1,15.4,73.1,88,52,1012.1,1013.1,1010.8,0,4.8,SSW,17.7
25/5/23,20.5,26.2,16.6,77.9,89,55,1013.6,1014.5,1012.4,1.6,6.3,SSW,27.4
26/5/23,20.1,25.5,17.3,81.1,89,61,1013,1014.2,1011.7,6.4,7.2,SSW,30.6
27/5/23,20.3,24.4,16.8,80.2,91,65,1011.5,1013,1009.8,0,6.2,SW,22.5
28/5/23,19.8,25.7,16.7,80.8,92,57,1010,1010.8,1009,18.2,4.8,WNW,30.6
29/5/23,19.7,25.2,16,82.5,93,62,1010.9,1012.2,1009.5,0.6,4.2,SW,24.1
30/5/23,20.9,26.2,17.9,80.6,90,61,1013.1,1014.5,1011.5,0.4,3,SSW,25.7
31/5/23,20,25.7,17,86.1,93,72,1014.9,1015.9,1014.2,35.4,2.7,ENE,48.3
1/6/23,21.1,26.1,15.9,75,93,56,1013.7,1015.7,1011.6,0,4.9,SSW,22.5
2/6/23,22,27.3,16.9,68.3,89,46,1010.7,1012.2,1009.1,0,4.5,SSW,22.5
3/6/23,22.6,28.1,18.1,71.8,83,53,1012,1015,1009.5,0.6,6.5,SSW,32.2
4/6/23,21.6,25.9,17.9,76.3,89,61,1017.2,1018.9,1014.3,0,5.4,SSW,24.1
5/6/23,21.8,26.4,17.7,77.9,89,60,1017.6,1019.3,1016.1,0,5.4,SSW,25.7
6/6/23,21.8,26.2,17.4,74.9,88,51,1016.5,1017.9,1015.2,0,6.9,SSW,25.7
7/6/23,21.7,26,17.4,73,84,60,1014.4,1016,1012.7,0,6.1,SSW,24.1
8/6/23,22.4,27.6,17.7,71.5,86,57,1012.1,1013.9,1010.1,0,4.1,SE,20.9
9/6/23,23.2,28.7,18.4,74.8,85,58,1010.2,1011.6,1008.3,0,4.8,S,25.7
10/6/23,23.1,28.2,18.6,77.2,93,59,1007.9,1009.2,1005.9,7.6,7,SSW,46.7
11/6/23,22.2,27.5,19.3,81.3,91,63,1007.4,1008.1,1006.6,1,6.4,WNW,20.9
12/6/23,22.1,25.7,19.1,79,91,68,1007.9,1008.7,1007.1,0,3.4,WSW,16.1
13/6/23,21,24.6,17.6,82.5,93,69,1009.5,1010.9,1007.7,9,5.6,SE,25.7
14/6/23,22.6,28.1,18.6,77.5,89,59,1011.2,1012.5,1009.9,0,5.1,S,25.7
15/6/23,22.6,25.8,19.2,81.1,90,68,1010.5,1012.6,1007.5,1.4,6.7,SW,25.7
16/6/23,22.5,25.7,20.3,80.6,91,69,1005.3,1007.4,1003.5,8.2,7.4,SW,29
17/6/23,19.9,23.7,17.7,84.5,93,71,1006.3,1009,1003.3,49.6,18.2,N,35.4
18/6/23,22.1,26.3,18.1,73.8,87,59,1011.3,1012.9,1008.7,0.4,11.7,NNW,33.8
19/6/23,25,29.3,21.2,65.1,80,48,1013.3,1014.5,1011.9,0,10.7,NNW,30.6
20/6/23,24.8,30.3,20.1,71.2,84,50,1014.3,1015.3,1012.9,0,6.4,SSW,19.3
21/6/23,25.1,29.7,21.4,73.6,89,57,1015.7,1017,1014.6,0,5.7,SW,17.7
22/6/23,26.1,30.9,20.8,74.2,87,55,1016.2,1017.5,1014.6,0,4.9,SSW,25.7
23/6/23,26.1,30.4,21.9,73.9,88,60,1015,1016.6,1013.7,0,5.3,SSW,24.1
24/6/23,25.5,30.2,22.1,73.2,83,57,1013,1014.4,1011.6,0,9.1,SW,78.9
25/6/23,26.2,30.6,21.6,71.9,83,56,1009.9,1011.7,1007.8,0,6.7,SSW,29
26/6/23,26.4,30.9,22.7,68.3,81,50,1009.3,1011.2,1007.9,0,11.7,NNW,40.2
27/6/23,26.1,31.2,22.5,68.7,81,51,1010.9,1012.4,1009.4,0,5.7,SSW,17.7
28/6/23,26.1,30.7,21.4,72.4,88,60,1009.6,1010.8,1007.5,0,7.6,SSW,27.4
29/6/23,22.4,26.3,19.9,72.2,85,50,1013.3,1014.8,1010.4,0.8,13.7,NNW,41.8
30/6/23,24.1,28.8,19.6,76.8,90,61,1012.6,1014.7,1010.4,0,5.5,SSW,24.1
1/7/23,24.7,30.2,20.9,75.7,88,60,1008.9,1010.7,1006.5,0.8,6.5,S,35.4
2/7/23,24.8,28.7,21.1,77.3,89,63,1006.7,1008.9,1004.7,1.4,7.7,SSW,38.6
3/7/23,27,31.7,22.9,67.5,82,55,1009.8,1011.6,1007.8,0,9.8,NNW,33.8
4/7/23,26.9,31.9,22.4,73,86,55,1011.5,1012.9,1009.9,0,4.9,SW,20.9
5/7/23,26.3,33.6,22.9,75,86,50,1010.1,1011.2,1008.3,5.2,9.2,SSW,46.7
6/7/23,27.6,31.7,23,69.6,83,55,1009.8,1011.1,1008.6,0,10.7,SW,33.8
7/7/23,28.9,33.1,24.3,61.2,79,45,1011.9,1014.6,1010.5,0,15.9,NNW,64.4
8/7/23,25.9,29.3,22.7,58.8,72,45,1014.6,1016,1013.2,0,23.2,NW,49.9
9/7/23,26.7,31.1,22.8,53.4,68,41,1016.3,1017.9,1014.3,0,14.5,N,37
10/7/23,25.9,30.4,21.2,66.1,78,49,1016.9,1018.7,1015,0,6.6,SW,20.9
11/7/23,26.7,31.3,21.2,64.2,79,47,1016.3,1017.4,1015.2,0,5.4,SSW,19.3
12/7/23,27.8,33.4,22.5,68.1,82,43,1015.3,1016.8,1013.9,0,3.4,SSW,12.9
13/7/23,27.8,33.1,22.9,71.8,82,47,1014.1,1016,1012.6,0,3.1,SSW,14.5
14/7/23,29.7,36.1,24.3,68.4,84,46,1011.6,1013.1,1009.7,0,4.4,SSW,14.5
15/7/23,29.4,33.1,25.5,73,83,63,1013.6,1014.7,1012,0,5.8,SSW,20.9
16/7/23,29.2,32.4,25.2,66.9,78,52,1014.8,1015.6,1013.8,0,6.2,SW,25.7
17/7/23,29.4,34.2,25.3,66.2,79,56,1014.9,1016.7,1013.2,0,5.8,SW,19.3
18/7/23,29.9,35.6,24.4,73.2,87,55,1012.4,1014,1010.5,0,6.1,SSW,20.9
19/7/23,31.1,35.6,26.7,61.3,83,46,1010.1,1012.5,1007.7,0,6.7,SSW,24.1
20/7/23,30.1,35.2,25.4,63.5,76,49,1007.1,1008.6,1005.1,0,5.4,SE,22.5
21/7/23,30,36.3,25,65,78,47,1010.3,1012.4,1007.9,0,4.8,SSW,24.1
22/7/23,29.8,36.4,25.9,69.2,80,47,1012.2,1013.8,1010.5,0,5.4,SSW,20.9
23/7/23,32.1,38.4,25.6,60.7,82,34,1012.1,1013.5,1009.8,0,5.2,SW,17.7
24/7/23,29.5,34.4,25.7,63.1,73,52,1012.9,1014.9,1010.9,0,6.6,SE,29
25/7/23,29.4,34.9,25.1,66.8,80,53,1008.2,1011,1004.7,0,6.4,SSW,29
26/7/23,29.6,34.2,24.4,67.7,78,43,1002.1,1004.8,999,0,8.5,W,32.2
27/7/23,26.8,29.6,23.9,51,68,37,1008.3,1012.7,1003.2,0,32.2,NNW,64.4
28/7/23,25.4,30.3,20,56.8,78,35,1013.2,1015,1011.3,0,5.6,S,30.6
29/7/23,26.4,32.2,21,69,84,51,1010.8,1012.4,1009.1,0,5.6,SW,25.7
30/7/23,27.3,32.6,22.4,70.4,82,56,1009.2,1011.7,1006.8,0,6.1,SSW,24.1
31/7/23,28.7,33.6,23.9,62.9,82,43,1007.4,1009.2,1005.7,0,10.9,WNW,38.6
1/8/23,28,32.3,24.4,65.2,77,54,1007.6,1009.2,1005.7,0,7.9,SW,22.5
2/8/23,27.9,31.9,23.7,72.6,81,64,1007.3,1008.4,1006,0,5.8,SW,30.6
3/8/23,28.1,33.3,24.3,78.7,90,63,1008.4,1009.3,1007.3,0,5.4,SSW,24.1
4/8/23,28.9,33.9,25.1,71.1,89,55,1008,1009.6,1006.3,0,5.9,SSW,20.9
5/8/23,28.3,35.1,24.2,72,87,56,1003.2,1006.3,999.7,0,10.3,SSW,40.2
6/8/23,27.6,32.2,23.1,63.3,86,44,1002.5,1006.3,999.9,0,13.3,WNW,29
7/8/23,27.7,32.6,23.3,55.4,69,40,1007.1,1008.3,1005.8,0,8.7,W,29
8/8/23,26.2,29.8,22.4,54.2,69,42,1011.6,1014,1007.9,0,24.1,NNW,53.1
9/8/23,25.3,28.7,22.4,62.5,72,53,1014,1015.9,1012.4,0.2,8.7,SW,27.4
10/8/23,22.5,25.6,19,74.6,89,59,1014.6,1016.5,1012.6,19.6,7,E,40.2
11/8/23,24.7,29.3,20.6,64.1,75,54,1017,1017.9,1016.2,0,12.2,N,43.5
12/8/23,25.9,29.4,21.7,64.5,81,56,1015.8,1017.6,1013.7,0,8.5,WSW,29
13/8/23,26.8,31,23.6,62.9,79,41,1014.8,1015.8,1013.4,0,7.6,SW,22.5
14/8/23,26.8,32.2,22.3,61.8,74,37,1014.4,1015.3,1013.6,0,5.7,SSW,24.1
15/8/23,26.5,30.8,22.7,69.5,78,63,1012.7,1014.1,1011.2,0,6.1,SSW,20.9
16/8/23,28,32.2,22.9,71.4,88,51,1011.1,1012.6,1009.1,0,9,WNW,29
17/8/23,29,34.2,23.6,66.8,88,45,1010.3,1011.3,1009,0,6.4,S,24.1
18/8/23,29.6,34.3,26,61.8,79,46,1010.8,1011.6,1009.6,0,6.6,WSW,20.9
19/8/23,29.3,34.5,25.2,60.1,79,38,1011.2,1012.6,1009.9,0,6.2,SE,22.5
20/8/23,28.4,32.9,22.9,60.3,75,42,1012.4,1013.7,1011.3,0,5.9,SSW,24.1
21/8/23,29.2,36.7,23.2,61.5,82,34,1013.1,1014.7,1011.2,0,5.9,SW,25.7
22/8/23,29.5,34.3,23.7,56.6,76,34,1013.3,1014.5,1012.2,0,5.4,SE,30.6
23/8/23,28.6,32.8,23.8,62.5,81,46,1013.1,1014.5,1011.6,0,2.9,SSW,14.5
24/8/23,27.1,33.6,23.4,72.8,83,56,1012.4,1013.8,1010.9,3.6,5.2,SW,57.9
25/8/23,28.2,32.2,22.8,70,88,52,1011.9,1013.4,1010.7,0,4.9,SSW,20.9
26/8/23,27.8,34.2,24.1,71.4,84,55,1010.8,1012.4,1009.6,1.6,5.9,SSW,38.6
27/8/23,27.5,33.3,23.1,72.7,86,48,1009,1010.6,1007.1,0,5.7,SSW,24.1
28/8/23,27,32.1,23,73,83,61,1007.7,1009.5,1006.1,0,5.9,SE,30.6
29/8/23,26.3,30.7,23.3,74.7,86,61,1004.3,1006.2,1002.1,0,5.9,SW,24.1
30/8/23,27.7,33.2,23.2,60.6,84,31,1004.8,1007.6,1002.7,0,6.7,SSW,22.5
31/8/23,27.6,32.1,23.7,54.5,66,38,1010.4,1013.5,1007.5,0,10.4,SSW,32.2
1/9/23,26.4,29.8,23.2,59.9,73,51,1014.8,1015.9,1013.6,0.6,10.7,SSW,35.4
2/9/23,26.6,31,22,65.7,81,50,1016.5,1017.6,1015.7,0,5.5,SSW,20.9
3/9/23,27,31.6,22.1,65.3,83,47,1015.2,1017.8,1011.7,0,6.5,SW,22.5
4/9/23,20.4,25.9,18.2,81.3,88,66,1011.8,1013.4,1009.1,11,18.7,NNW,49.9
5/9/23,23.3,25.8,20.2,67,79,54,1010.6,1013.4,1007.5,1.6,12,ENE,56.3
6/9/23,24.8,28.8,21.7,64.7,85,48,1014.2,1015.2,1012.9,0.6,10.8,ENE,59.5
7/9/23,22.2,25.8,20.4,77.9,87,49,1016.8,1017.7,1013.8,0.6,7.8,SW,38.6
8/9/23,23.7,27.8,19.8,72.9,89,57,1016,1017,1014.7,0,6.3,SSW,29
9/9/23,23.8,28.2,20.5,67.8,79,56,1015.3,1016.4,1013.4,0,5.6,SSW,24.1
10/9/23,23.7,29.4,17.1,61.3,86,41,1015.5,1017.5,1013.6,0,5.2,SW,25.7
11/9/23,23.2,27.6,19.3,63.1,72,51,1015,1016.5,1013.4,0,6.2,SSW,25.7
12/9/23,22.6,27.9,18.2,68.8,83,51,1016.3,1017.5,1015.2,0,5.2,SSW,22.5
13/9/23,23,29.6,19,76.5,87,53,1016.4,1017.7,1014.8,0,4.9,SSW,20.9
14/9/23,23,28.8,18.3,78,91,58,1015,1016.5,1013.3,0,3.6,SSW,22.5
15/9/23,23.7,29.8,18.7,74.8,88,55,1015.3,1016.5,1013.9,0,4.4,SSW,20.9
16/9/23,24.1,28.6,19.7,75.5,84,61,1017.1,1018.2,1015.8,0,5.6,SSW,24.1
17/9/23,24.1,27.9,20.9,75,90,60,1017.5,1019,1016.2,0,6.2,SSW,20.9
18/9/23,23.5,26.7,20.4,73,82,66,1017.2,1018.5,1015.6,0,7.6,SSW,27.4
19/9/23,23.1,27.1,19.1,67.7,79,54,1015.8,1017.5,1013.6,0,5,SE,22.5
20/9/23,23.2,28.4,19.7,73.7,85,59,1015.6,1016.8,1014.2,0,5,S,25.7
21/9/23,23.4,29.6,19.8,75.1,84,53,1015,1016.4,1013.2,0,4.6,SSW,29
22/9/23,23.6,27.6,19.6,80.4,89,69,1015,1016.5,1013.5,0,4.2,SSW,19.3
23/9/23,24.2,29.5,20.1,85.6,93,69,1014,1015.9,1011.8,0,4.1,SSW,17.7
24/9/23,23.6,25.9,21.4,86.8,93,79,1011.2,1012.2,1010.4,0.2,4.2,SW,16.1
25/9/23,24.7,29.6,22.2,72.9,90,38,1012.4,1013.7,1010.7,0,6.8,SW,25.7
26/9/23,24.2,27.7,21.8,64.6,79,47,1013.2,1014.1,1012.4,0,6.3,ENE,25.7
27/9/23,24.1,29.6,20.6,59.5,71,44,1013.7,1015.1,1012.7,0,6.1,ENE,27.4
28/9/23,23.7,27.3,20.8,61.5,76,49,1015.5,1017.7,1013.6,0,6,SSW,24.1
29/9/23,23.7,27.7,20.4,70.5,85,58,1016.7,1018.3,1015,0,7.2,SSW,25.7
30/9/23,23,27.7,18.2,66.7,81,51,1016,1017.9,1014.3,0,5.6,SSW,22.5
1/10/23,24.5,29.3,18.1,55.2,77,39,1016.5,1018.6,1014.7,0,15.7,NNW,38.6
2/10/23,23.1,27.2,19.4,55.3,76,36,1020,1022.9,1018.1,0,17.7,N,38.6
3/10/23,20.8,24.2,17.3,68.7,82,59,1023.5,1025.4,1022.5,0,5.8,SW,22.5
4/10/23,20.2,25.3,16.3,70.1,86,51,1021.6,1023,1019.8,0,4,SW,16.1
5/10/23,21.5,27.2,16.9,65.8,87,46,1021.1,1023.1,1019.6,0,4.3,SSW,16.1
6/10/23,21.3,25.4,16.4,68.5,84,53,1020.4,1021.7,1018.9,0,5.4,SE,25.7
7/10/23,21.5,25.8,17.2,66.6,76,57,1021,1023.2,1018.8,0,6.8,E,24.1
8/10/23,23,28.7,16.3,59.7,87,34,1016.1,1018.7,1013.4,0,11.3,WNW,35.4
9/10/23,22.3,27.3,17.6,61.1,82,26,1019.4,1021.4,1017.5,0,12.7,NNW,46.7
10/10/23,21.9,27.6,16.9,66,89,43,1018.2,1020.7,1015.8,0,10,NNW,43.5
11/10/23,20.1,23.4,17.9,70.9,86,61,1023,1024.3,1020.6,0,5.4,SSW,27.4
12/10/23,18.8,23.2,14.7,71.3,82,61,1021.7,1024.1,1019.8,0,4.2,E,19.3
13/10/23,19.3,24.7,15.3,76.3,90,60,1019.2,1020.8,1017.8,0,4.5,SSW,17.7
14/10/23,19.9,25.8,15.3,72.3,92,50,1014.9,1018.2,1012,0,3.2,SE,17.7
15/10/23,19.7,25.7,15.4,71.5,83,56,1009.7,1012,1008.1,0,3.8,SE,16.1
16/10/23,18.2,21.4,14.3,61.3,79,43,1015.1,1019.8,1008.4,0,20,NNW,61.2
17/10/23,15.3,17.2,12.8,79,91,63,1018,1020.5,1015.9,2.8,4.7,ENE,20.9
18/10/23,15.4,17.9,13.1,84.7,92,74,1017,1017.8,1015.7,1.6,1.2,ENE,11.3
19/10/23,17.8,21.8,14.7,80.7,90,72,1015.2,1017.1,1013,1.8,2.8,ESE,24.1
20/10/23,20,23.2,16.8,83.2,92,74,1012.5,1013.8,1011.4,0,5.3,SW,17.7
21/10/23,19.7,23.6,16,88,93,77,1014.8,1016,1013.6,0,3,SSW,14.5
22/10/23,20.9,24,18.5,87.9,92,80,1015.4,1016.7,1013.7,0,3.3,SW,14.5
23/10/23,20,23.3,18,88.3,93,80,1015.8,1017.3,1014.6,0.2,3.2,ENE,12.9
24/10/23,19.6,24.6,16.4,85.3,94,62,1014.6,1017.1,1011.7,0.2,2.8,SSW,14.5
25/10/23,19.9,22.1,16.3,86.3,91,77,1009.6,1012,1007.4,0,4.3,ENE,24.1
26/10/23,20.3,25.3,17.7,80.9,93,58,1007.1,1009.9,1005.3,5.4,4.9,SE,38.6
27/10/23,20.6,25.4,15.8,78.4,91,64,1005.5,1007,1004,0,3,SE,16.1
28/10/23,22.3,26.6,18.5,75.6,88,57,1008.1,1011.9,1005.6,0,2,N,12.9
29/10/23,20.7,25.8,15.9,70.8,90,44,1015,1018,1011.9,0,5.9,W,22.5
30/10/23,18.6,24.1,14.6,75.5,86,63,1017.9,1019.5,1016.5,0,2.1,SSW,11.3
31/10/23,18.4,22.3,13.3,82.8,92,63,1014.6,1017.3,1011.8,0,3.3,SW,24.1
1/11/23,19.7,24.1,16.2,80.8,91,69,1011.8,1013.7,1010,0,4.1,SSW,20.9
2/11/23,18.8,22.8,15.9,76.1,91,57,1008.1,1010.2,1006.5,1.4,3.4,SSW,19.3
3/11/23,20.1,23.4,15.6,74,89,59,1003.7,1007.1,1000.2,0,5.4,ESE,37
4/11/23,17.8,20.3,13.8,78.5,92,63,1001.2,1006.6,996.3,8.8,9,ENE,69.2
5/11/23,18.6,24.5,12.9,67,79,45,1006,1008.3,1004.3,0,4.1,SE,20.9
6/11/23,20.3,26,16.7,70.8,85,50,1012.3,1016.9,1006,0,3,ENE,12.9
7/11/23,18,23.6,14.1,77.8,91,49,1018.8,1020.6,1017,0,2.6,SSW,12.9
8/11/23,17.5,20.8,14.7,83.3,92,72,1016,1017.9,1013.9,1.4,10,W,46.7
9/11/23,15.9,19.8,13,68.4,80,57,1019.4,1020.5,1017.2,0,12.6,NNW,45.1
10/11/23,15.1,17.7,12,81.8,91,69,1014.9,1019.4,1009.2,2.6,3.7,ESE,29
11/11/23,16.1,19.9,13,77,94,58,1007.3,1010.2,1004.9,6.2,9.4,SW,37
12/11/23,15.6,20,11.4,70.2,84,59,1011.3,1012.7,1009.9,0,2.9,ENE,19.3
13/11/23,15.9,20.1,12.4,70.8,89,51,1014.1,1017.7,1010.8,1.2,12.8,WNW,38.6
14/11/23,15.2,19.8,11.6,83.1,92,70,1016.2,1018.7,1012.9,0,3.6,SW,14.5
15/11/23,15.3,18,12.4,85.2,94,71,1011.4,1015.3,1008.5,0.2,10,NNW,56.3
16/11/23,14.7,18.4,10.7,64.3,82,50,1018.3,1020,1015.1,0,19.8,NW,62.8
17/11/23,13.8,16.9,10.4,76.4,86,67,1011.2,1017.9,1004.9,0.8,7,W,46.7
18/11/23,10.9,13.2,9.3,65.4,85,54,1009.9,1013.9,1005.1,2.8,48,NW,90.1
19/11/23,10.6,12.8,8.6,57.6,67,45,1016,1017.1,1013.5,0,29.5,NNW,69.2
20/11/23,12.7,17.7,9.2,60.2,78,47,1014.2,1016,1012.3,0,7.6,WNW,32.2
21/11/23,12.4,15.9,8.2,76.6,86,62,1012.3,1014.5,1009.2,0,1.2,E,11.3
22/11/23,13.5,14.7,12.1,92.1,94,86,1011.4,1015.5,1008.6,4.6,2.9,W,14.5
23/11/23,15,16.9,13.9,92,94,87,1017.2,1019.2,1014.4,2.6,2.5,SE,17.7
24/11/23,14.9,16.7,12.5,86.3,93,76,1005.2,1014.2,994.8,0,3.8,ESE,17.7
25/11/23,12.9,16.6,5.6,79.1,90,71,987,994.6,981.5,5.6,17.4,ESE,75.6
26/11/23,6.9,8.1,5.9,63.9,73,55,1004.6,1016,987.1,0,39.5,NW,80.5
27/11/23,6.8,9.8,4.7,54.5,73,37,1017.3,1019.6,1013.3,0,10.8,NNW,38.6
28/11/23,8.2,11.1,6,82.2,89,70,1003.5,1013.4,997.4,0,4.3,W,17.7
29/11/23,12.7,17.4,9.2,82.6,91,70,1005.1,1011.8,999.6,0.6,4.8,WNW,24.1
30/11/23,11.4,15.2,7.6,81.6,90,57,1015.3,1017.2,1012,0.2,2.2,ESE,20.9
1/12/23,12.8,16.2,9.8,88.4,92,76,1014.1,1015.7,1011.9,0,3.1,W,14.5
2/12/23,16.2,20.1,12.2,75.1,92,55,1009.2,1012.3,1007.5,0,6,ESE,33.8
3/12/23,14.5,18.7,10.9,81,90,62,1011,1015.6,1007.8,0,9.4,WNW,37
4/12/23,9.9,11.6,7.8,74.5,80,71,1020.2,1022.4,1015.6,0,19,NW,45.1
5/12/23,10.1,12.1,8.8,86.5,92,80,1016.6,1020.9,1010.9,2,6.5,WSW,20.9
6/12/23,10.8,12.6,9.6,89.6,93,85,1009.8,1011.8,1008.4,6.6,2.8,ENE,24.1
7/12/23,10,13.9,6.4,85.5,92,77,1012.3,1014.8,1010.8,2.8,13.1,NNW,53.1
8/12/23,7.6,10.1,6,72.3,85,64,1015.1,1016.1,1014,1,24.3,NNW,45.1
9/12/23,7.1,11.2,4.8,73.3,85,60,1017,1018.6,1015.6,0,10.7,WNW,29
10/12/23,8.2,11.3,4.1,82.5,91,70,1016,1017.6,1013.6,0,5.4,W,22.5
11/12/23,9.3,13.3,6.9,74.7,84,64,1016,1017.9,1014.5,0,9.3,W,25.7
12/12/23,9.6,14.3,6,79.5,89,61,1014.7,1015.8,1013.8,0,3.2,ENE,14.5
13/12/23,9.2,10.8,6.9,87.7,92,80,1012.3,1015.6,1009.2,0,2.9,W,14.5
14/12/23,11.2,14.3,8.1,91.1,94,86,1008.4,1010.2,1006.7,0.2,3.1,E,29
15/12/23,9.7,12.3,7.2,83.8,91,78,1015.4,1019.1,1010.2,8.4,24,NNW,43.5
16/12/23,7.3,7.9,6.7,86.6,91,80,1027.3,1035.1,1019.2,3.2,20.2,NNW,40.2
17/12/23,7,9.6,4.8,74.2,80,66,1037.3,1039.6,1035.2,0.2,17.1,NNW,32.2
18/12/23,7.9,11.9,4.2,70.3,82,58,1032.1,1036,1028.5,0,13.7,WNW,29
19/12/23,9.4,14.2,6.3,74.8,86,58,1024.6,1028.6,1020,0,5.1,ESE,20.9
20/12/23,8.7,11.9,4.8,87.3,93,79,1014.2,1020,1009.9,0,2.3,SE,14.5
21/12/23,9.4,12.8,5.4,73.7,94,57,1006.8,1010.2,1002.3,0.2,13.5,NW,37
22/12/23,8.7,13.2,5.7,77.1,84,70,1001.3,1006.2,997.5,0.8,8.7,NNW,48.3
23/12/23,10.7,17.3,4.9,66.4,81,44,1006.3,1008.9,1004.3,0,3.3,ESE,16.1
24/12/23,12.1,16.7,8.5,69.6,84,54,1013.2,1016,1008.9,0,2.3,E,14.5
25/12/23,10.3,16.4,6.6,78.8,89,60,1016.4,1018.3,1015,0,2.4,SE,9.7
26/12/23,10.7,14.8,6.3,84.4,93,72,1019.2,1021,1018,0,2.1,SE,12.9
27/12/23,11.4,16.6,7.9,81.2,94,67,1022.7,1027,1019.4,0,6.8,W,27.4
28/12/23,10,14.6,6.7,85.2,90,75,1026.4,1028.9,1023.5,0,1.8,SSW,8
29/12/23,9,12.9,6.3,90.4,95,78,1021.3,1023.5,1019.7,0.4,2,E,12.9
30/12/23,8.4,12.4,5.6,90.3,96,76,1019.8,1021.4,1018.7,0.2,2,ESE,11.3
31/12/23,9.5,12.4,7.1,84,92,70,1019.4,1021,1018.2,0.2,1.7,SW,9.7